<?xml version='1.0'?><metadata xml:lang='en'><Esri><CreaDate>20100602</CreaDate><CreaTime>12060909</CreaTime><ArcGISFormat>1.0</ArcGISFormat><SyncOnce>TRUE</SyncOnce><ModDate>20140130</ModDate><ModTime>11014949</ModTime><DataProperties><coordRef><csUnits>Decimal Degree</csUnits><geogcsn>WGS 84</geogcsn><peXml><wktVar>&lt;ProjectedCoordinateSystem&gt;&lt;WKT&gt;GEOGCS[&quot;WGS 84&quot;,DATUM[&quot;World Geodetic System 1984 [EPSG ID 6326]&quot;,SPHEROID[&quot;WGS 84 [EPSG ID 7030]&quot;,6378137.0,298.257223563]],PRIMEM[&quot;Greenwich&quot;,0.0],UNIT[&quot;Decimal Degree&quot;,0.01745329251994328]]&lt;/WKT&gt;&lt;XOrigin&gt;-80&lt;/XOrigin&gt;&lt;YOrigin&gt;43&lt;/YOrigin&gt;&lt;XYScale&gt;100000000&lt;/XYScale&gt;&lt;ZOrigin&gt;0&lt;/ZOrigin&gt;&lt;ZScale&gt;1&lt;/ZScale&gt;&lt;MOrigin&gt;0&lt;/MOrigin&gt;&lt;MScale&gt;1&lt;/MScale&gt;&lt;XYTolerance&gt;.00000002&lt;/XYTolerance&gt;&lt;ZTolerance&gt;0&lt;/ZTolerance&gt;&lt;MTolerance&gt;0&lt;/MTolerance&gt;&lt;HighPrecision&gt;&lt;/HighPrecision&gt;&lt;/ProjectedCoordinateSystem&gt;&lt;/peXml&gt;</wktVar></peXml></coordRef></DataProperties></Esri><idinfo><citation><citeinfo><title>Address</title><origin>none</origin></citeinfo></citation></idinfo><dataIdInfo><themeKeys><keyword>property</keyword><keyword>address</keyword><keyword>point</keyword><keyword>annotation</keyword><keyword>postal code</keyword><keyword>location</keyword><keyword>joe</keyword></themeKeys><idPurp>Address point is a geographic dataset consisting of a series of attributes including street number, street name, address type, and real world coordinates.</idPurp><idAbs>The One Address Repository (OAR) is the City of Toronto&apos;s authoritative addresses. Addresses in OAR are geographic objects with relationship to the City of Toronto&apos;s streets, parcels and buildings, comprised of information on street number, civic numbers, street type, direction and geographic location.</idAbs><idCitation><resTitle>CITYGCS.ADDRESS_POINT</resTitle></idCitation><resConst><Consts><useLimit>Source must be credited. Cannot be re-sold</useLimit></Consts></resConst><dataExt><geoEle><GeoBndBox><westBL>-79.65</westBL><eastBL>-79.11</eastBL><northBL>43.86</northBL><southBL>43.57</southBL></GeoBndBox></geoEle></dataExt></dataIdInfo><metainfo><D>99</D><langmeta>en</langmeta><mdDateSt><CreaDate>20100602 12060909</CreaDate></mdDateSt></metainfo><distinfo></distinfo><spdoinfo><ptvctinf><esriterm><efeatyp>Feature Class</efeatyp><efeageom>Point</efeageom></esriterm></ptvctinf></spdoinfo><mdContact><rpOrgName>Geospatial Competency Centre</rpOrgName><rpIndName>.</rpIndName><rpCntInfo><cntAddress><city>Toronto</city><delPoint>18 Dyas Rd,  3rd Floor</delPoint><eMailAdd>gcc@toronto.ca</eMailAdd><postCode>M3B 1V5</postCode><adminArea>ON</adminArea></cntAddress><cntPhone><voiceNum>416-392-2506</voiceNum><faxNum>416-397-4900</faxNum></cntPhone></rpCntInfo><rpPosName>.</rpPosName></mdContact><eainfo><detailed><enttyp><enttypt>Feature Class</enttypt><enttypl>CITYGCS.ADDRESS_POINT</enttypl><enttypc>517890</enttypc></enttyp><attr><attrlabl>GEO_ID</attrlabl><attalias>GEO_ID</attalias><attrtype>NUMBER</attrtype><attwidth>22</attwidth><attrdef>Unique number for geographic feature</attrdef></attr><attr><attrlabl>LINK</attrlabl><attalias>LINK</attalias><attrtype>NUMBER</attrtype><attwidth>22</attwidth><attrdef>Centreline id</attrdef></attr><attr><attrlabl>MAINT_STAG</attrlabl><attalias>MAINT_STAG</attalias><attrtype>VARCHAR2</attrtype><attwidth>10</attwidth><attrdef>Maintenance stage (e.g. reserve, regular)</attrdef></attr><attr><attrlabl>ADDRESS</attrlabl><attalias>ADDRESS</attalias><attrtype>VARCHAR2</attrtype><attwidth>20</attwidth><attrdef>Address number range</attrdef></attr><attr><attrlabl>LFNAME</attrlabl><attalias>LFNAME</attalias><attrtype>VARCHAR2</attrtype><attwidth>110</attwidth><attrdef>Linear Name</attrdef></attr><attr><attrlabl>LONUM</attrlabl><attalias>LONUM</attalias><attrtype>NUMBER</attrtype><attwidth>22</attwidth><attrdef>Low number of the address</attrdef></attr><attr><attrlabl>LONUMSUF</attrlabl><attalias>LONUMSUF</attalias><attrtype>VARCHAR2</attrtype><attwidth>3</attwidth><attrdef>Suffix of the low number</attrdef></attr><attr><attrlabl>HINUM</attrlabl><attalias>HINUM</attalias><attrtype>NUMBER</attrtype><attwidth>22</attwidth><attrdef>High number of the ranged address</attrdef></attr><attr><attrlabl>HINUMSUF</attrlabl><attalias>HINUMSUF</attalias><attrtype>VARCHAR2</attrtype><attwidth>3</attwidth><attrdef>Suffix of the high number</attrdef></attr><attr><attrlabl>ARC_SIDE</attrlabl><attalias>ARC_SIDE</attalias><attrtype>VARCHAR2</attrtype><attwidth>1</attwidth><attrdef>Location Left or Right of the centreline</attrdef></attr><attr><attrlabl>DISTANCE</attrlabl><attalias>DISTANCE</attalias><attrtype>NUMBER</attrtype><attwidth>22</attwidth><attrdef>Measurement from the beginning of the centreline</attrdef></attr><attr><attrlabl>FCODE</attrlabl><attalias>FCODE</attalias><attrtype>NUMBER</attrtype><attwidth>22</attwidth><attrdef>General use code</attrdef></attr><attr><attrlabl>FCODE_DES</attrlabl><attalias>FCODE_DES</attalias><attrtype>VARCHAR2</attrtype><attwidth>500</attwidth><attrdef>General use code description</attrdef></attr><attr><attrlabl>CLASS</attrlabl><attalias>CLASS</attalias><attrtype>VARCHAR2</attrtype><attwidth>20</attwidth><attrdef>Address Class description</attrdef></attr><attr><attrlabl>NAME</attrlabl><attalias>NAME</attalias><attrtype>VARCHAR2</attrtype><attwidth>200</attwidth><attrdef>Address primary place name</attrdef></attr><attr><attrlabl>X</attrlabl><attalias>X</attalias><attrtype>NUMBER</attrtype><attwidth>22</attwidth><attrdef>Easting of address point, Projection is MTM  3 degree, metric, NAD 27</attrdef></attr><attr><attrlabl>Y</attrlabl><attalias>Y</attalias><attrtype>NUMBER</attrtype><attwidth>22</attwidth><attrdef>Northing of address point, Projection is MTM  3 degree, metric, NAD 27</attrdef></attr><attr><attrlabl>LONGITUDE</attrlabl><attalias>LONGITUDE</attalias><attrtype>NUMBER</attrtype><attwidth>22</attwidth><attrdef>Easting of address point, GCS Projection</attrdef></attr><attr><attrlabl>LATITUDE</attrlabl><attalias>LATITUDE</attalias><attrtype>NUMBER</attrtype><attwidth>22</attwidth><attrdef>Northing of address point, GCS Projection</attrdef></attr><attr><attrlabl>SHAPE</attrlabl><attalias>SHAPE</attalias><attrtype>SDO_GEOMETRY</attrtype><attwidth>64</attwidth><attrdef>Address point spatial feature</attrdef></attr><attr><attrlabl>OBJECTID</attrlabl><attalias>OBJECTID</attalias><attrtype>NUMBER</attrtype><attwidth>22</attwidth><attrdef>Unique identifier</attrdef></attr><attr><attrlabl>MUN_NAME</attrlabl><attalias>MUN_NAME</attalias><attrtype>VARCHAR2</attrtype><attwidth>15</attwidth><attrdef>Former Municipality Name</attrdef></attr><attr><attrlabl>WARD_NAME</attrlabl><attalias>WARD_NAME</attalias><attrtype>VARCHAR2</attrtype><attwidth>40</attwidth><attrdef>Ward Name</attrdef></attr></detailed></eainfo><spatRepInfo><VectSpatRep><geometObjs><geoObjCnt>517890</geoObjCnt></geometObjs></VectSpatRep></spatRepInfo><dqInfo></dqInfo></metadata>